{
    "theta0": 8499.011383951804,
    "theta1": -0.02144698790340206
}